{
    "intents": [
      {
        "tag": "greeting",
        "patterns": ["Hi", "Hello", "How are you", "Is anyone there?"],
        "responses": ["Hello!", "Hi there!", "Greetings!", "How can I assist you?"]
      },
      {
        "tag": "goodbye",
        "patterns": ["Bye", "See you later", "Goodbye"],
        "responses": ["Goodbye!", "Take care!", "See you later!"]
      },
      {
        "tag": "thanks",
        "patterns": ["Thanks", "Thank you", "That's helpful"],
        "responses": ["You're welcome!", "Happy to help!", "Anytime!"]
      }
    ]
  }
  